{"stats":{"minecraft:custom":{"minecraft:time_since_rest":2517,"minecraft:sprint_one_cm":138792,"minecraft:damage_taken":608,"minecraft:walk_one_cm":50771,"minecraft:damage_absorbed":1159,"minecraft:mob_kills":42,"minecraft:damage_dealt":7708,"minecraft:swim_one_cm":23243,"minecraft:fly_one_cm":400261,"minecraft:crouch_one_cm":3781,"minecraft:play_time":36678,"minecraft:deaths":1,"minecraft:sneak_time":984,"minecraft:walk_under_water_one_cm":25820,"minecraft:jump":1411,"minecraft:time_since_death":2473,"minecraft:walk_on_water_one_cm":32449,"minecraft:total_world_time":36678,"minecraft:damage_resisted":385,"minecraft:fall_one_cm":52337},"minecraft:used":{"minecraft:netherite_sword":172,"minecraft:oak_planks":388,"minecraft:ender_pearl":1,"minecraft:stone":15,"minecraft:white_wool":5,"minecraft:netherite_boots":1,"minecraft:dirt":15,"minecraft:netherite_leggings":6,"minecraft:drowned_spawn_egg":21,"minecraft:netherite_helmet":1,"minecraft:egg":1,"minecraft:enchanted_golden_apple":23},"minecraft:crafted":{"minecraft:oak_planks":512},"minecraft:killed":{"minecraft:sheep":7,"minecraft:horse":1,"minecraft:skeleton":7,"minecraft:zombie":12,"minecraft:salmon":1,"minecraft:spider":7,"minecraft:drowned":2,"minecraft:cod":1,"minecraft:enderman":1,"minecraft:cow":1},"minecraft:picked_up":{"minecraft:leather":4,"minecraft:grass_block":1,"minecraft:gunpowder":1,"minecraft:dirt":59,"minecraft:string":6,"minecraft:arrow":3,"minecraft:bone":3,"minecraft:rotten_flesh":11,"minecraft:kelp":3,"minecraft:wheat_seeds":15,"minecraft:iron_ingot":1,"minecraft:beef":3,"minecraft:rose_bush":1,"minecraft:oak_sapling":2,"minecraft:cod":1,"minecraft:mutton":8,"minecraft:white_wool":5,"minecraft:egg":1,"minecraft:ender_pearl":1},"minecraft:mined":{"minecraft:tall_seagrass":1,"minecraft:kelp_plant":6,"minecraft:grass":110,"minecraft:grass_block":3,"minecraft:rose_bush":1,"minecraft:tall_grass":28,"minecraft:kelp":1,"minecraft:sugar_cane":1,"minecraft:oak_leaves":16}},"DataVersion":3465}