{"stats":{"minecraft:custom":{"minecraft:time_since_rest":12678,"minecraft:sprint_one_cm":44101,"minecraft:damage_taken":20,"minecraft:walk_one_cm":31710,"minecraft:damage_absorbed":385,"minecraft:mob_kills":35,"minecraft:damage_dealt":6720,"minecraft:swim_one_cm":321,"minecraft:fly_one_cm":203986,"minecraft:crouch_one_cm":37,"minecraft:play_time":12678,"minecraft:sneak_time":33,"minecraft:walk_under_water_one_cm":57,"minecraft:jump":499,"minecraft:time_since_death":12678,"minecraft:walk_on_water_one_cm":3276,"minecraft:total_world_time":12678,"minecraft:damage_resisted":100,"minecraft:fall_one_cm":10423},"minecraft:used":{"minecraft:netherite_sword":150,"minecraft:oak_planks":56,"minecraft:stone":15,"minecraft:netherite_boots":1,"minecraft:dirt":12,"minecraft:netherite_leggings":6,"minecraft:drowned_spawn_egg":21,"minecraft:netherite_helmet":1,"minecraft:enchanted_golden_apple":8},"minecraft:crafted":{"minecraft:oak_planks":256},"minecraft:killed":{"minecraft:sheep":4,"minecraft:horse":1,"minecraft:skeleton":7,"minecraft:zombie":11,"minecraft:spider":6,"minecraft:drowned":2,"minecraft:enderman":1,"minecraft:cow":1},"minecraft:picked_up":{"minecraft:leather":4,"minecraft:grass_block":1,"minecraft:gunpowder":1,"minecraft:dirt":30,"minecraft:string":6,"minecraft:arrow":3,"minecraft:bone":3,"minecraft:rotten_flesh":11,"minecraft:wheat_seeds":7,"minecraft:iron_ingot":1,"minecraft:beef":3,"minecraft:mutton":5,"minecraft:white_wool":4,"minecraft:ender_pearl":1},"minecraft:mined":{"minecraft:grass":48,"minecraft:grass_block":3,"minecraft:tall_grass":17}},"DataVersion":3465}