{"stats":{"minecraft:custom":{"minecraft:time_since_rest":24678,"minecraft:sprint_one_cm":99196,"minecraft:damage_taken":96,"minecraft:walk_one_cm":42020,"minecraft:damage_absorbed":617,"minecraft:mob_kills":39,"minecraft:damage_dealt":7070,"minecraft:swim_one_cm":10492,"minecraft:fly_one_cm":327650,"minecraft:crouch_one_cm":3562,"minecraft:play_time":24678,"minecraft:sneak_time":816,"minecraft:walk_under_water_one_cm":3317,"minecraft:jump":1058,"minecraft:time_since_death":24678,"minecraft:walk_on_water_one_cm":8552,"minecraft:total_world_time":24678,"minecraft:damage_resisted":162,"minecraft:fall_one_cm":30380},"minecraft:used":{"minecraft:netherite_sword":161,"minecraft:oak_planks":317,"minecraft:ender_pearl":1,"minecraft:stone":15,"minecraft:white_wool":5,"minecraft:netherite_boots":1,"minecraft:dirt":12,"minecraft:netherite_leggings":6,"minecraft:drowned_spawn_egg":21,"minecraft:netherite_helmet":1,"minecraft:enchanted_golden_apple":15},"minecraft:crafted":{"minecraft:oak_planks":512},"minecraft:killed":{"minecraft:sheep":7,"minecraft:horse":1,"minecraft:skeleton":7,"minecraft:zombie":11,"minecraft:salmon":1,"minecraft:spider":6,"minecraft:drowned":2,"minecraft:enderman":1,"minecraft:cow":1},"minecraft:picked_up":{"minecraft:leather":4,"minecraft:grass_block":1,"minecraft:gunpowder":1,"minecraft:dirt":30,"minecraft:string":6,"minecraft:arrow":3,"minecraft:bone":3,"minecraft:rotten_flesh":11,"minecraft:wheat_seeds":13,"minecraft:iron_ingot":1,"minecraft:beef":3,"minecraft:rose_bush":1,"minecraft:oak_sapling":1,"minecraft:mutton":8,"minecraft:white_wool":5,"minecraft:egg":1,"minecraft:ender_pearl":1},"minecraft:mined":{"minecraft:tall_seagrass":1,"minecraft:grass":82,"minecraft:grass_block":3,"minecraft:rose_bush":1,"minecraft:tall_grass":24,"minecraft:sugar_cane":1,"minecraft:oak_leaves":10}},"DataVersion":3465}