{"stats":{"minecraft:custom":{"minecraft:time_since_rest":10829,"minecraft:sprint_one_cm":161112,"minecraft:damage_taken":739,"minecraft:walk_one_cm":65425,"minecraft:damage_absorbed":2121,"minecraft:mob_kills":54,"minecraft:damage_dealt":9978,"minecraft:swim_one_cm":23611,"minecraft:interact_with_crafting_table":1,"minecraft:fly_one_cm":445052,"minecraft:crouch_one_cm":3781,"minecraft:play_time":44990,"minecraft:deaths":1,"minecraft:sneak_time":984,"minecraft:walk_under_water_one_cm":26640,"minecraft:jump":1749,"minecraft:leave_game":1,"minecraft:time_since_death":10785,"minecraft:walk_on_water_one_cm":36017,"minecraft:total_world_time":44990,"minecraft:damage_resisted":654,"minecraft:fall_one_cm":63326},"minecraft:used":{"minecraft:netherite_sword":235,"minecraft:oak_planks":388,"minecraft:ender_pearl":1,"minecraft:stone":15,"minecraft:diamond_chestplate":1,"minecraft:white_wool":5,"minecraft:netherite_boots":2,"minecraft:dirt":41,"minecraft:netherite_leggings":6,"minecraft:crafting_table":1,"minecraft:drowned_spawn_egg":21,"minecraft:netherite_helmet":1,"minecraft:egg":1,"minecraft:enchanted_golden_apple":33},"minecraft:crafted":{"minecraft:oak_planks":512,"minecraft:diamond":9,"minecraft:crafting_table":1,"minecraft:stick":4,"minecraft:diamond_chestplate":1},"minecraft:killed":{"minecraft:sheep":7,"minecraft:horse":1,"minecraft:skeleton":14,"minecraft:zombie":17,"minecraft:salmon":1,"minecraft:spider":7,"minecraft:drowned":2,"minecraft:cod":1,"minecraft:enderman":1,"minecraft:cow":1},"minecraft:picked_up":{"minecraft:netherite_boots":2,"minecraft:leather":8,"minecraft:grass_block":2,"minecraft:gunpowder":2,"minecraft:diamond_block":64,"minecraft:netherite_leggings":2,"minecraft:dirt":89,"minecraft:string":12,"minecraft:arrow":9,"minecraft:bone":10,"minecraft:rotten_flesh":25,"minecraft:kelp":6,"minecraft:netherite_helmet":2,"minecraft:wheat_seeds":28,"minecraft:cobbled_deepslate":5,"minecraft:netherite_sword":1,"minecraft:iron_ingot":2,"minecraft:beef":6,"minecraft:rose_bush":2,"minecraft:netherite_chestplate":1,"minecraft:oak_planks":119,"minecraft:enchanted_golden_apple":41,"minecraft:oak_sapling":3,"minecraft:cod":2,"minecraft:mutton":16,"minecraft:white_wool":5,"minecraft:egg":1,"minecraft:ender_pearl":1},"minecraft:mined":{"minecraft:tall_seagrass":1,"minecraft:kelp_plant":6,"minecraft:grass":110,"minecraft:grass_block":3,"minecraft:rose_bush":1,"minecraft:tall_grass":28,"minecraft:kelp":1,"minecraft:sugar_cane":1,"minecraft:oak_leaves":16}},"DataVersion":3465}